patient_id,measure,cartoon_n,rest_n,cartoon_mean,cartoon_std,rest_mean,rest_std,mean_difference_cartoon_minus_rest,t_statistic,p_value
P005,entropy,552,276,2.20476389004614,0.06575257807021412,2.235770870058761,0.04926948555294973,-0.03100698001262092,-7.593532313289397,9.925334878503732e-14
P005,speed,512,256,35577.806479447754,2959.2183146352986,32339.109352096304,1532.5698325928024,3238.69712735145,19.952539454633836,1.237221632948858e-71
P005,norm1,552,276,75582.34044901123,4990.989072883829,71510.4669356929,2687.3762556351853,4071.8735133183363,15.231091647950635,2.5172836175886703e-46
P005,norm2,552,276,26595.857465491314,3511.6234988633614,24417.85450481471,2288.393795691054,2178.002960676604,10.701337382216241,5.187981674615178e-25
