patient_id,measure,cartoon_n,rest_n,cartoon_mean,cartoon_std,rest_mean,rest_std,mean_difference_cartoon_minus_rest,t_statistic,p_value
P001,entropy,552,552,2.156802072175072,0.13075107769668412,2.0758196945789282,0.12781471623842477,0.0809823775961438,10.396382433188348,3.2541959672366383e-24
P001,speed,512,512,35211.746991231325,3836.9193388015537,35538.94824440223,2799.466044552415,-327.20125317090424,-1.5572770018206115,0.11974316025305551
P001,norm1,552,552,77168.82437581007,4536.063248463587,80605.34250603589,4366.789196687943,-3436.5181302258134,-12.811552899728886,3.9848671470153115e-35
P001,norm2,552,552,28696.046298338377,5638.380019495365,32549.69179106266,5647.025405361448,-3853.645492724285,-11.335619626179236,2.9912330615985294e-28
