patient_id,measure,cartoon_n,rest_n,cartoon_mean,cartoon_std,rest_mean,rest_std,mean_difference_cartoon_minus_rest,t_statistic,p_value
P002,entropy,552,552,2.2486615232799068,0.04107618529973256,2.1995086700099558,0.09049158000640824,0.049152853269951,11.61005969228605,7.93325236001197e-29
P002,speed,512,512,32984.83616518807,1481.3880294505964,33487.2638500288,1942.84738777817,-502.4276848407317,-4.648653400279444,3.81035000432289e-06
P002,norm1,552,552,73173.44037505182,2226.4769916090795,75954.1542260367,4703.411930553905,-2780.7138509848737,-12.543349241508627,4.978189469086177e-33
P002,norm2,552,552,24554.319929721616,1918.6793087572228,26973.322911898693,4329.797411164874,-2419.002982177077,-11.989810573834209,1.859627196397462e-30
