patient_id,measure,cartoon_n,rest_n,cartoon_mean,cartoon_std,rest_mean,rest_std,mean_difference_cartoon_minus_rest,t_statistic,p_value
P004,entropy,552,276,2.1343079480674882,0.08317118790322661,2.1156673226752045,0.08972068751031424,0.018640625392283727,2.882275334025631,0.004113261938532712
P004,speed,512,256,39943.0587340155,3774.47864670774,41890.87515800423,3491.8756833535203,-1947.8164239887265,-7.0796241935694875,4.462013824157925e-12
P004,norm1,552,276,83908.41638582117,5067.6729600352,85275.13955818179,5040.2051573004155,-1366.7231723606237,-3.6660279993242777,0.0002701390383641143
P004,norm2,552,276,31463.705804242683,4064.4334844194873,32510.17949312347,4293.197418676528,-1046.4736888807856,-3.359938660945054,0.000836429042087551
